{
  "train_accuracies": [
    0.6246137310224372,
    0.9191186349590219,
    0.948273545613328,
    0.9545882036813113,
    0.963589950288862,
    0.9696358995028886,
    0.9770253929866989,
    0.9778315195485692,
    0.9807873169420932,
    0.9834744054816607,
    0.9876393927179901,
    0.9877737471449685,
    0.9904608356845358,
    0.9908638989654709,
    0.9895203546956872,
    0.9864302028751848,
    0.9932822786510815,
    0.9951632406287787,
    0.9955663039097138,
    0.993819696358995,
    0.9952975950557571,
    0.9954319494827355,
    0.9970442026064759,
    0.9957006583366922,
    0.9940884052129517,
    0.9940884052129517,
    0.9947601773478436,
    0.993819696358995,
    0.9965067848985624,
    0.9977159747413678,
    0.9981190380223028,
    0.998925164584173,
    0.9966411393255408,
    0.9966411393255408,
    0.9936853419320166,
    0.9962380760446057,
    0.9952975950557571,
    0.9970442026064759,
    0.9982533924492812,
    0.9981190380223028,
    0.9957006583366922,
    0.9966411393255408,
    0.9986564557302163,
    0.9994625822920865,
    0.998925164584173,
    0.9982533924492812,
    0.9935509875050383,
    0.9940884052129517,
    0.9965067848985624,
    0.9971785570334543,
    0.9979846835953244,
    0.9994625822920865,
    0.9973129114604327,
    0.9995969367190649,
    0.9961037216176273,
    0.9951632406287787,
    0.9940884052129517,
    0.9965067848985624,
    0.9990595190111514,
    0.9981190380223028,
    0.9993282278651081,
    0.9993282278651081,
    0.9998656455730216,
    0.9995969367190649,
    0.9994625822920865,
    0.9973129114604327,
    0.9879081015719468,
    0.9973129114604327,
    0.9993282278651081,
    0.9990595190111514,
    0.9991938734381298,
    0.9977159747413678,
    0.998925164584173,
    0.9998656455730216,
    1.0,
    0.9997312911460433,
    0.9971785570334543,
    0.9926105065161898,
    0.9888485825607953,
    0.9967754937525192,
    0.9986564557302163,
    0.9995969367190649,
    1.0,
    0.9994625822920865,
    0.9993282278651081,
    0.9993282278651081,
    1.0,
    0.9979846835953244,
    0.9920730888082763,
    0.9954319494827355,
    0.9975816203143894,
    0.9986564557302163,
    0.9983877468762595,
    0.9982533924492812,
    0.9994625822920865,
    0.9998656455730216,
    0.9995969367190649,
    0.9969098481794975,
    0.9987908101571947,
    0.9993282278651081
  ],
  "val_accuracies": [
    0.8863132432977222,
    0.9518242289860915,
    0.9475912114493046,
    0.9201773835920177,
    0.8945777061076395,
    0.9381173150574481,
    0.9687562991332392,
    0.9750050393065914,
    0.946180205603709,
    0.9645232815964523,
    0.9625075589598872,
    0.7565007055029228,
    0.9762144728885306,
    0.9699657327151784,
    0.9568635355775046,
    0.9782301955250957,
    0.8917556944164483,
    0.8044749042531748,
    0.9820600685345696,
    0.9741987502519653,
    0.8955855674259222,
    0.9772223342068131,
    0.9818584962709132,
    0.9727877444063697,
    0.9494053618222132,
    0.9693610159242089,
    0.9792380568433784,
    0.9727877444063697,
    0.9467849223946785,
    0.9842773634347913,
    0.9822616407982262,
    0.9824632130618827,
    0.9744003225156218,
    0.9159443660552308,
    0.9715783108244306,
    0.9816569240072566,
    0.9312638580931264,
    0.21245716589397298,
    0.9818584962709132,
    0.9772223342068131,
    0.976012900624874,
    0.971779883088087,
    0.9858899415440435,
    0.9822616407982262,
    0.985285224753074,
    0.88933682725257,
    0.9328764362023786,
    0.9721830276154001,
    0.9512195121951219,
    0.9798427736343479,
    0.9534368070953437,
    0.9219915339649264,
    0.9342874420479742,
    0.9840757911711349,
    0.9715783108244306,
    0.9576698246321306,
    0.9109050594638177,
    0.9804474904253174,
    0.9687562991332392,
    0.9856883692803871,
    0.9822616407982262,
    0.9875025196532957,
    0.7667808909494054,
    0.9866962305986696,
    0.970167304978835,
    0.9719814553517436,
    0.9542430961499697,
    0.9864946583350132,
    0.9856883692803871,
    0.9836726466438218,
    0.967143721023987,
    0.9746018947792784,
    0.9862930860713566,
    0.9885103809715783,
    0.9854867970167305,
    0.9858899415440435,
    0.9348921588389437,
    0.6420076597460189,
    0.5228784519250151,
    0.9818584962709132,
    0.9877040919169522,
    0.9846805079621044,
    0.985285224753074,
    0.9838742189074783,
    0.9885103809715783,
    0.9796412013706914,
    0.9864946583350132,
    0.9687562991332392,
    0.9471880669219915,
    0.9705704495061479,
    0.981052207216287,
    0.9830679298528523,
    0.9758113283612175,
    0.9651279983874219,
    0.9862930860713566,
    0.9862930860713566,
    0.9768191896795001,
    0.9782301955250957,
    0.9870993751259827,
    0.9836726466438218
  ],
  "test_accuracy": 0.9957132050096663
}