{
  "train_accuracies": [
    0.6764788337538548,
    0.9348191757779647,
    0.9555649004765909,
    0.9684608915054668,
    0.971825063078217,
    0.9786935800392487,
    0.9858424446313429,
    0.9851415755536865,
    0.9859826184468741,
    0.9894869638351556,
    0.9882253994953742,
    0.9921502663302495,
    0.9914493972525932,
    0.9936921783010934,
    0.9925707877768433,
    0.9953742640874684,
    0.9952340902719372,
    0.9964956546117185,
    0.995654611718531,
    0.992991309223437,
    0.9945332211942809,
    0.9957947855340622,
    0.9976170451359686,
    0.9990187832912812,
    0.999439304737875,
    0.9990187832912812,
    0.9978973927670312,
    0.9890664423885618,
    0.9959349593495935,
    0.9957947855340622,
    0.9953742640874684,
    0.992991309223437,
    0.9970563498738436,
    0.9985982618446874,
    0.9977572189514998,
    0.9970563498738436,
    0.9946733950098122,
    0.9984580880291561,
    0.9998598261844688,
    0.9984580880291561,
    0.9985982618446874,
    0.9974768713204374,
    0.9948135688253434,
    0.9939725259321559,
    0.9983179142136249,
    0.9997196523689375,
    0.9998598261844688,
    1.0,
    0.9976170451359686,
    0.992430613961312,
    0.9967760022427811,
    0.9967760022427811,
    0.9976170451359686,
    0.9995794785534062,
    0.9952340902719372,
    0.996215306980656,
    0.9955144379029998,
    0.9991589571068125,
    0.9990187832912812,
    0.9995794785534062,
    0.9985982618446874,
    0.9970563498738436,
    0.9973366975049061,
    0.999439304737875,
    0.9949537426408747,
    0.9976170451359686,
    0.9990187832912812,
    0.9997196523689375,
    0.9997196523689375,
    0.9984580880291561,
    0.9953742640874684,
    0.9963554807961873,
    0.9988786094757499,
    0.9992991309223437,
    0.9990187832912812,
    0.9992991309223437,
    0.9998598261844688,
    0.9953742640874684,
    0.9963554807961873,
    0.9974768713204374,
    0.9987384356602187,
    0.9967760022427811,
    0.9998598261844688,
    0.9980375665825624,
    0.9971965236893748,
    0.9963554807961873,
    0.9998598261844688,
    1.0,
    1.0,
    1.0,
    0.9997196523689375,
    0.9927109615923746,
    0.9952340902719372,
    0.9985982618446874,
    0.999439304737875,
    0.9991589571068125,
    0.9985982618446874,
    0.9973366975049061,
    0.9997196523689375,
    0.9998598261844688
  ],
  "val_accuracies": [
    0.9044813801809384,
    0.9522406900904692,
    0.9543446244477173,
    0.9410898379970545,
    0.9667578371554808,
    0.9520302966547444,
    0.9484536082474226,
    0.9627603618767094,
    0.9558173784977909,
    0.9770671155059962,
    0.9747527877130233,
    0.9776982958131706,
    0.9614980012623606,
    0.9743320008415738,
    0.9722280664843257,
    0.9831685251420156,
    0.9572901325478645,
    0.9814853776562171,
    0.9827477382705659,
    0.3553545129391963,
    0.9831685251420156,
    0.9568693456764149,
    0.9808541973490427,
    0.9819061645276668,
    0.9835893120134652,
    0.9856932463707132,
    0.868083315800547,
    0.9715968861771512,
    0.9856932463707132,
    0.868083315800547,
    0.9863244266778877,
    0.9835893120134652,
    0.979381443298969,
    0.9122659373027562,
    0.9812749842204923,
    0.9821165579633916,
    0.9406690511256048,
    0.9850620660635389,
    0.986955606985062,
    0.9821165579633916,
    0.9697033452556281,
    0.9819061645276668,
    0.89185777403745,
    0.9255207237534189,
    0.9850620660635389,
    0.9871660004207868,
    0.9871660004207868,
    0.986955606985062,
    0.8905954134231012,
    0.828108563012834,
    0.4178413633494635,
    0.9802230170418683,
    0.9819061645276668,
    0.9842204923206396,
    0.9690721649484536,
    0.8899642331159268,
    0.9850620660635389,
    0.9739112139701241,
    0.9880075741636861,
    0.9880075741636861,
    0.9764359351988218,
    0.70271407532085,
    0.787081843046497,
    0.9884283610351356,
    0.9861140332421628,
    0.9814853776562171,
    0.9867452135493373,
    0.9884283610351356,
    0.9724384599200505,
    0.9882179675994109,
    0.9575005259835893,
    0.9865348201136125,
    0.9856932463707132,
    0.9863244266778877,
    0.9856932463707132,
    0.9880075741636861,
    0.9873763938565117,
    0.9720176730486009,
    0.9684409846412791,
    0.975173574584473,
    0.984851672627814,
    0.9657058699768567,
    0.9863244266778877,
    0.8905954134231012,
    0.952451083526194,
    0.7294340416579003,
    0.9882179675994109,
    0.9903219019566589,
    0.9905322953923837,
    0.9894803282137598,
    0.9819061645276668,
    0.9518199032190195,
    0.8912265937302756,
    0.9905322953923837,
    0.9829581317062908,
    0.9861140332421628,
    0.9873763938565117,
    0.9543446244477173,
    0.9907426888281086,
    0.9896907216494846
  ],
  "test_accuracy": 0.9963015886357905
}